Model,MAE,RMSE,R2
LSTM,25.830202102661133,37.1036179744897,0.6908857822418213
GRU,75.74945831298828,96.6903330628895,-1.099194049835205
